<?xml version="1.0" ?>
<assessmentItem xmlns="http://www.imsglobal.org/xsd/imsqti_v2p2" xmlns:xsi="http://www.w3.org/2001/XMLSchema-instance" xsi:schemaLocation="http://www.imsglobal.org/xsd/imsqti_v2p2 http://www.imsglobal.org/xsd/qti/qtiv2p2/imsqti_v2p2p2.xsd" identifier="comparisonOperatorMain4" title="Main4 Ordering Problem" adaptive="false" timeDependent="false">
	<responseDeclaration identifier="RESPONSE" cardinality="multiple" baseType="directedPair">
		<correctResponse>
			<value>q1 a1</value>
			<value>q2 a2</value>
			<value>q3 a3</value>
			<value>q4 a4</value>
			<value>q5 a5</value>
			<value>q6 a6</value>
			<value>q7 a7</value>
			<value>q8 a8</value>
		</correctResponse>
		<mapping defaultValue="0">
			<mapEntry mapKey="q1 a1" mappedValue="1"/>
			<mapEntry mapKey="q2 a2" mappedValue="1"/>
			<mapEntry mapKey="q3 a3" mappedValue="1"/>
			<mapEntry mapKey="q4 a4" mappedValue="1"/>
			<mapEntry mapKey="q5 a5" mappedValue="1"/>
			<mapEntry mapKey="q6 a6" mappedValue="1"/>
			<mapEntry mapKey="q7 a7" mappedValue="1"/>
			<mapEntry mapKey="q8 a8" mappedValue="1"/>
		</mapping>
	</responseDeclaration>
	<outcomeDeclaration identifier="SCORE" cardinality="single" baseType="float"/>
	<itemBody>
		<matchInteraction responseIdentifier="RESPONSE" shuffle="false" maxAssociations="1">
			<prompt>correct the order of these lines.  one line contains an incorrect mutation, ignore it for now.</prompt>
			<simpleMatchSet>
				<simpleAssociableChoice identifier="q1" matchMax="1">1</simpleAssociableChoice>
				<simpleAssociableChoice identifier="q2" matchMax="1">2</simpleAssociableChoice>
				<simpleAssociableChoice identifier="q3" matchMax="1">3</simpleAssociableChoice>
				<simpleAssociableChoice identifier="q4" matchMax="1">4</simpleAssociableChoice>
				<simpleAssociableChoice identifier="q5" matchMax="1">5</simpleAssociableChoice>
				<simpleAssociableChoice identifier="q6" matchMax="1">6</simpleAssociableChoice>
				<simpleAssociableChoice identifier="q7" matchMax="1">7</simpleAssociableChoice>
				<simpleAssociableChoice identifier="q8" matchMax="1">8</simpleAssociableChoice>
			</simpleMatchSet>
			<simpleMatchSet>
				<simpleAssociableChoice identifier="a1" matchMax="1">from mutation_generator import MutatedFiles</simpleAssociableChoice>
				<simpleAssociableChoice identifier="a2" matchMax="1">from problem_generator import Quiz</simpleAssociableChoice>
				<simpleAssociableChoice identifier="a3" matchMax="1">from qti import QTI</simpleAssociableChoice>
				<simpleAssociableChoice identifier="a4" matchMax="1">if __name__ &gt;= &quot;__main__&quot;:</simpleAssociableChoice>
				<simpleAssociableChoice identifier="a5" matchMax="1">files = MutatedFiles(&quot;main.py&quot;)</simpleAssociableChoice>
				<simpleAssociableChoice identifier="a6" matchMax="1">quiz = Quiz(files)</simpleAssociableChoice>
				<simpleAssociableChoice identifier="a7" matchMax="1">qti = QTI(quiz)</simpleAssociableChoice>
				<simpleAssociableChoice identifier="a8" matchMax="1">qti.make_quiz()</simpleAssociableChoice>
			</simpleMatchSet>
		</matchInteraction>
	</itemBody>
	<responseProcessing template="http://www.imsglobal.org/question/qti_v2p2/rptemplates/CC2_match"/>
</assessmentItem>
