<?xml version="1.0" ?>
<assessmentItem xmlns="http://www.imsglobal.org/xsd/imsqti_v2p2" xmlns:xsi="http://www.w3.org/2001/XMLSchema-instance" xsi:schemaLocation="http://www.imsglobal.org/xsd/imsqti_v2p2 http://www.imsglobal.org/xsd/qti/qtiv2p2/imsqti_v2p2p2.xsd" identifier="comparisonOperatorMain1" title="Main1 Fix Mutation Problem" adaptive="false" timeDependent="false">
	<responseDeclaration identifier="RESPONSE" cardinality="multiple" baseType="directedPair">
		<correctResponse>
			<value>A1 G1</value>
			<value>A2 G2</value>
		</correctResponse>
		<mapping defaultValue="-1" lowerBound="0">
			<mapEntry mapKey="A1 G1" mappedValue="1"/>
			<mapEntry mapKey="A2 G2" mappedValue="2"/>
		</mapping>
	</responseDeclaration>
	<outcomeDeclaration identifier="SCORE" cardinality="single" baseType="float"/>
	<itemBody>
		<gapMatchInteraction responseIdentifier="RESPONSE" shuffle="false">
			<prompt>what must we do to fix the mutation? (just type the symbols in the blanks)</prompt>
			<gapText identifier="A1" matchMax="1"> &lt; </gapText>
			<gapText identifier="A2" matchMax="1"> &lt; </gapText>
			<blockquote>
				<p>
					to fix this mutation, we should change
					<gap identifier="G1"/>
					to
					<gap identifier="G2"/>
					.
				</p>
			</blockquote>
		</gapMatchInteraction>
	</itemBody>
	<responseProcessing template="http://www.imsglobal.org/question/qti_v2p2/rptemplates/map_response"/>
</assessmentItem>
