<?xml version="1.0" ?>
<assessmentTest xmlns:xsi="http://www.w3.org/2001/XMLSchema-instance" xmlns="http://www.imsglobal.org/xsd/imsqti_v2p2" xmlns:xi="http://www.w3.org/2001/XInclude" xmlns:m="http://www.w3.org/1998/Math/MathML" xsi:schemaLocation="http://www.imsglobal.org/xsd/imsqti_v2p2 http://www.imsglobal.org/xsd/qti/qtiv2p2/imsqti_v2p2p2.xsd" toolVersion="0.1" title="question bank" toolName="Spectatus" identifier="SPECTATUS-GENERATED-TEST">
	<outcomeDeclaration baseType="float" cardinality="single" identifier="TEST_SCORE">
		<defaultValue>
			<value>0</value>
		</defaultValue>
	</outcomeDeclaration>
	<testPart identifier="main" navigationMode="linear" submissionMode="individual">
		<assessmentSection identifier="comparisonOperatorMain0" title="comparisonOperator Main0 section" visible="false">
			<assessmentItemRef identifier="comparisonOperatorMain0Order" href="items/comparisonOperator/Main0/Order.xml">
				<weight identifier="comparisonOperatorMain0OrderWeight" value="8"/>
			</assessmentItemRef>
			<assessmentItemRef identifier="comparisonOperatorMain0FindMutation" href="items/comparisonOperator/Main0/FindMutation.xml">
				<weight identifier="comparisonOperatorMain0FindMutationWeight" value="2"/>
			</assessmentItemRef>
			<assessmentItemRef identifier="comparisonOperatorMain0FixMutation" href="items/comparisonOperator/Main0/FixMutation.xml">
				<weight identifier="comparisonOperatorMain0FixMutationWeight" value="2"/>
			</assessmentItemRef>
		</assessmentSection>
		<assessmentSection identifier="comparisonOperatorMain1" title="comparisonOperator Main1 section" visible="false">
			<assessmentItemRef identifier="comparisonOperatorMain1Order" href="items/comparisonOperator/Main1/Order.xml">
				<weight identifier="comparisonOperatorMain1OrderWeight" value="8"/>
			</assessmentItemRef>
			<assessmentItemRef identifier="comparisonOperatorMain1FindMutation" href="items/comparisonOperator/Main1/FindMutation.xml">
				<weight identifier="comparisonOperatorMain1FindMutationWeight" value="2"/>
			</assessmentItemRef>
			<assessmentItemRef identifier="comparisonOperatorMain1FixMutation" href="items/comparisonOperator/Main1/FixMutation.xml">
				<weight identifier="comparisonOperatorMain1FixMutationWeight" value="2"/>
			</assessmentItemRef>
		</assessmentSection>
		<assessmentSection identifier="comparisonOperatorMain2" title="comparisonOperator Main2 section" visible="false">
			<assessmentItemRef identifier="comparisonOperatorMain2Order" href="items/comparisonOperator/Main2/Order.xml">
				<weight identifier="comparisonOperatorMain2OrderWeight" value="8"/>
			</assessmentItemRef>
			<assessmentItemRef identifier="comparisonOperatorMain2FindMutation" href="items/comparisonOperator/Main2/FindMutation.xml">
				<weight identifier="comparisonOperatorMain2FindMutationWeight" value="2"/>
			</assessmentItemRef>
			<assessmentItemRef identifier="comparisonOperatorMain2FixMutation" href="items/comparisonOperator/Main2/FixMutation.xml">
				<weight identifier="comparisonOperatorMain2FixMutationWeight" value="2"/>
			</assessmentItemRef>
		</assessmentSection>
		<assessmentSection identifier="comparisonOperatorMain3" title="comparisonOperator Main3 section" visible="false">
			<assessmentItemRef identifier="comparisonOperatorMain3Order" href="items/comparisonOperator/Main3/Order.xml">
				<weight identifier="comparisonOperatorMain3OrderWeight" value="8"/>
			</assessmentItemRef>
			<assessmentItemRef identifier="comparisonOperatorMain3FindMutation" href="items/comparisonOperator/Main3/FindMutation.xml">
				<weight identifier="comparisonOperatorMain3FindMutationWeight" value="2"/>
			</assessmentItemRef>
			<assessmentItemRef identifier="comparisonOperatorMain3FixMutation" href="items/comparisonOperator/Main3/FixMutation.xml">
				<weight identifier="comparisonOperatorMain3FixMutationWeight" value="2"/>
			</assessmentItemRef>
		</assessmentSection>
		<assessmentSection identifier="comparisonOperatorMain4" title="comparisonOperator Main4 section" visible="false">
			<assessmentItemRef identifier="comparisonOperatorMain4Order" href="items/comparisonOperator/Main4/Order.xml">
				<weight identifier="comparisonOperatorMain4OrderWeight" value="8"/>
			</assessmentItemRef>
			<assessmentItemRef identifier="comparisonOperatorMain4FindMutation" href="items/comparisonOperator/Main4/FindMutation.xml">
				<weight identifier="comparisonOperatorMain4FindMutationWeight" value="2"/>
			</assessmentItemRef>
			<assessmentItemRef identifier="comparisonOperatorMain4FixMutation" href="items/comparisonOperator/Main4/FixMutation.xml">
				<weight identifier="comparisonOperatorMain4FixMutationWeight" value="2"/>
			</assessmentItemRef>
		</assessmentSection>
	</testPart>
	<outcomeProcessing>
		<setOutcomeValue identifier="TEST_SCORE">
			<divide>
				<sum>
					<testVariables variableIdentifier="SCORE"/>
				</sum>
				<baseValue baseType="float">40</baseValue>
			</divide>
		</setOutcomeValue>
	</outcomeProcessing>
</assessmentTest>
