<?xml version="1.0" ?>
<manifest xmlns="http://www.imsglobal.org/xsd/imscp_v1p1" xmlns:imsmd="http://ltsc.ieee.org/xsd/LOM" xmlns:xsi="http://www.w3.org/2001/XMLSchema-instance" xmlns:imsqti="http://www.imsglobal.org/xsd/imsqti_metadata_v2p2" identifier="MANIFEST-85D76736-6D19-9DC0-7C0B-57C31A9FD390" xsi:schemaLocation="http://www.imsglobal.org/xsd/imscp_v1p1 http://www.imsglobal.org/xsd/qti/qtiv2p2/qtiv2p2_imscpv1p2_v1p0.xsd http://ltsc.ieee.org/xsd/LOM http://www.imsglobal.org/xsd/imsmd_loose_v1p3p2.xsd  http://www.imsglobal.org/xsd/imsqti_metadata_v2p2 http://www.imsglobal.org/xsd/qti/qtiv2p2/imsqti_metadata_v2p2.xsd">
	<metadata>
		<schema>QTIv2.2 Package</schema>
		<schemaversion>1.0.0</schemaversion>
	</metadata>
	<organizations/>
	<resources>
		<resource identifier="assessment" type="imsqti_test_xmlv2p2" href="assessment.xml">
			<file href="assessment.xml"/>
			<dependency identifierref="comparisonOperatorMain0Order"/>
			<dependency identifierref="comparisonOperatorMain0FindMutation"/>
			<dependency identifierref="comparisonOperatorMain0FixMutation"/>
			<dependency identifierref="comparisonOperatorMain1Order"/>
			<dependency identifierref="comparisonOperatorMain1FindMutation"/>
			<dependency identifierref="comparisonOperatorMain1FixMutation"/>
			<dependency identifierref="comparisonOperatorMain2Order"/>
			<dependency identifierref="comparisonOperatorMain2FindMutation"/>
			<dependency identifierref="comparisonOperatorMain2FixMutation"/>
			<dependency identifierref="comparisonOperatorMain3Order"/>
			<dependency identifierref="comparisonOperatorMain3FindMutation"/>
			<dependency identifierref="comparisonOperatorMain3FixMutation"/>
			<dependency identifierref="comparisonOperatorMain4Order"/>
			<dependency identifierref="comparisonOperatorMain4FindMutation"/>
			<dependency identifierref="comparisonOperatorMain4FixMutation"/>
		</resource>
		<resource identifier="comparisonOperatorMain0Order" type="imsqti_item_xmlv2p2" href="items/comparisonOperator/Main0/Order.xml">
			<file href="items/comparisonOperator/Main0/Order.xml"/>
		</resource>
		<resource identifier="comparisonOperatorMain0FindMutation" type="imsqti_item_xmlv2p2" href="items/comparisonOperator/Main0/FindMutation.xml">
			<file href="items/comparisonOperator/Main0/FindMutation.xml"/>
		</resource>
		<resource identifier="comparisonOperatorMain0FixMutation" type="imsqti_item_xmlv2p2" href="items/comparisonOperator/Main0/FixMutation.xml">
			<file href="items/comparisonOperator/Main0/FixMutation.xml"/>
		</resource>
		<resource identifier="comparisonOperatorMain1Order" type="imsqti_item_xmlv2p2" href="items/comparisonOperator/Main1/Order.xml">
			<file href="items/comparisonOperator/Main1/Order.xml"/>
		</resource>
		<resource identifier="comparisonOperatorMain1FindMutation" type="imsqti_item_xmlv2p2" href="items/comparisonOperator/Main1/FindMutation.xml">
			<file href="items/comparisonOperator/Main1/FindMutation.xml"/>
		</resource>
		<resource identifier="comparisonOperatorMain1FixMutation" type="imsqti_item_xmlv2p2" href="items/comparisonOperator/Main1/FixMutation.xml">
			<file href="items/comparisonOperator/Main1/FixMutation.xml"/>
		</resource>
		<resource identifier="comparisonOperatorMain2Order" type="imsqti_item_xmlv2p2" href="items/comparisonOperator/Main2/Order.xml">
			<file href="items/comparisonOperator/Main2/Order.xml"/>
		</resource>
		<resource identifier="comparisonOperatorMain2FindMutation" type="imsqti_item_xmlv2p2" href="items/comparisonOperator/Main2/FindMutation.xml">
			<file href="items/comparisonOperator/Main2/FindMutation.xml"/>
		</resource>
		<resource identifier="comparisonOperatorMain2FixMutation" type="imsqti_item_xmlv2p2" href="items/comparisonOperator/Main2/FixMutation.xml">
			<file href="items/comparisonOperator/Main2/FixMutation.xml"/>
		</resource>
		<resource identifier="comparisonOperatorMain3Order" type="imsqti_item_xmlv2p2" href="items/comparisonOperator/Main3/Order.xml">
			<file href="items/comparisonOperator/Main3/Order.xml"/>
		</resource>
		<resource identifier="comparisonOperatorMain3FindMutation" type="imsqti_item_xmlv2p2" href="items/comparisonOperator/Main3/FindMutation.xml">
			<file href="items/comparisonOperator/Main3/FindMutation.xml"/>
		</resource>
		<resource identifier="comparisonOperatorMain3FixMutation" type="imsqti_item_xmlv2p2" href="items/comparisonOperator/Main3/FixMutation.xml">
			<file href="items/comparisonOperator/Main3/FixMutation.xml"/>
		</resource>
		<resource identifier="comparisonOperatorMain4Order" type="imsqti_item_xmlv2p2" href="items/comparisonOperator/Main4/Order.xml">
			<file href="items/comparisonOperator/Main4/Order.xml"/>
		</resource>
		<resource identifier="comparisonOperatorMain4FindMutation" type="imsqti_item_xmlv2p2" href="items/comparisonOperator/Main4/FindMutation.xml">
			<file href="items/comparisonOperator/Main4/FindMutation.xml"/>
		</resource>
		<resource identifier="comparisonOperatorMain4FixMutation" type="imsqti_item_xmlv2p2" href="items/comparisonOperator/Main4/FixMutation.xml">
			<file href="items/comparisonOperator/Main4/FixMutation.xml"/>
		</resource>
	</resources>
</manifest>
